TASK,QUESTION HINT,ANSWER
GA1.1,What is the output of code -s?,"Version:          Code 1.96.3 (91fbdddc47bc9c09064bf7acf133d22631cbf083, 2025-01-09T18:14:09.060Z)
OS Version:       Windows_NT x64 10.0.22631
CPUs:             AMD Ryzen 5 7520U with Radeon Graphics          (8 x 2795)
Memory (System):  7.21GB (0.76GB free)
VM:               0%
Screen Reader:    no
Process Argv:     --crash-reporter-id d0c9ba8f-ee40-4f58-970a-ac33f94641b8
GPU Status:       2d_canvas:                              enabled
                  canvas_oop_rasterization:               enabled_on
                  direct_rendering_display_compositor:    disabled_off_ok
                  gpu_compositing:                        enabled
                  multiple_raster_threads:                enabled_on
                  opengl:                                 enabled_on
                  rasterization:                          enabled
                  raw_draw:                               disabled_off_ok
                  skia_graphite:                          disabled_off
                  video_decode:                           enabled
                  video_encode:                           enabled
                  vulkan:                                 disabled_off
                  webgl:                                  enabled
                  webgl2:                                 enabled
                  webgpu:                                 enabled
                  webnn:                                  disabled_off

CPU % Mem MB    PID Process
    0     48  16064 code main
    0     12   5204    utility-network-service
    0     14   7248 fileWatcher [1]
    0     28  10560 ptyHost
    0      6   3520      conpty-agent
    0     13   6920      C:\Windows\System32\WindowsPowerShell\v1.0\powershell.exe -noexit -command ""try { . \""c:\Users\RAGHU CRIAT\AppData\Local\Programs\Microsoft VS Code\resources\app\out\vs\workbench\contrib\terminal\common\scripts\shellIntegration.ps1\"" } catch {}""
    0      6  10736      conpty-agent
    0      5  10748      C:\Windows\System32\cmd.exe
    0     81  14424        electron-nodejs (cli.js )
    0    107   5760          ""C:\Users\RAGHU CRIAT\AppData\Local\Programs\Microsoft VS Code\Code.exe"" -s
    0     62   7136            crashpad-handler
    0     55  18872            gpu-process
    0      5  14876      C:\Windows\System32\WindowsPowerShell\v1.0\powershell.exe -noexit -command ""try { . \""c:\Users\RAGHU CRIAT\AppData\Local\Programs\Microsoft VS Code\resources\app\out\vs\workbench\contrib\terminal\common\scripts\shellIntegration.ps1\"" } catch {}""
    0      6  14880      conpty-agent
    0     14  17416      C:\Windows\System32\WindowsPowerShell\v1.0\powershell.exe -noexit -command ""try { . \""c:\Users\RAGHU CRIAT\AppData\Local\Programs\Microsoft VS Code\resources\app\out\vs\workbench\contrib\terminal\common\scripts\shellIntegration.ps1\"" } catch {}""
    0      6  23188      conpty-agent
    1    120  12044    gpu-process
    0      8  13808    crashpad-handler
    0    116  14464 extensionHost [1]
    0     14   2416      electron-nodejs (bundle.js )
    0    153  16160 window [1] (? out.py - 007 PYTHON (Workspace) - Visual Studio Code)
    0     27  17184 shared-process

Workspace Stats: 
|  Window (? out.py - 007 PYTHON (Workspace) - Visual Studio Code)
|    Folder (007 PYTHON): more than 20741 files
|      File types: py(6633) pyc(6600) pyi(2138) pyd(231) h(162) txt(159)
|                  a(113) mat(109) gz(99) lib(87)
|      Conf files:"
GA1.2,Send a HTTPS request to https://httpbin.org/get,"{     ""args"": {         ""email"": ""21f3002034@ds.study.iitm.ac.in""     },     ""headers"": {         ""Accept"": ""*/*"",         ""Accept-Encoding"": ""gzip, deflate"",         ""Host"": ""httpbin.org"",         ""User-Agent"": ""HTTPie/3.2.4"",         ""X-Amzn-Trace-Id"": ""Root=1-6787bb76-24cb9ddb7c0f7e20592b38d8""     },     ""origin"": ""110.224.90.177"",     ""url"": ""https://httpbin.org/get?email=21f3002034%40ds.study.iitm.ac.in"" }"
GA1.3,run npx -y prettier@3.4.2,21049196c5c1b0fcd2f03c7c75312e28a28f14d30e1880a8f48056aa43a07126
GA1.4,formulas in Google Sheets,510
GA1.5,formulas in Excel,80
GA1.6,value in the hidden input,hnehz95lpn
GA1.7,are there in the date range,1696
GA1.8,column of the CSV file,a1f3e
GA1.9,Sort this JSON array,"[{""name"":""Karen"",""age"":4},{""name"":""Frank"",""age"":29},{""name"":""Henry"",""age"":38},{""name"":""Mary"",""age"":42},{""name"":""Grace"",""age"":44},{""name"":""Emma"",""age"":47},{""name"":""David"",""age"":50},{""name"":""Oscar"",""age"":50},{""name"":""Jack"",""age"":62},{""name"":""Paul"",""age"":62},{""name"":""Alice"",""age"":74},{""name"":""Nora"",""age"":82},{""name"":""Bob"",""age"":87},{""name"":""Ivy"",""age"":91},{""name"":""Liam"",""age"":91},{""name"":""Charlie"",""age"":92}]"
GA1.10,convert it into a single JSON object,d3b954a1c826d6414a666e74ffb23a0408c6f263447d83f5b3c762ac3e24c938
GA1.11,Sum of data-value attributes,354
GA1.12,What is the sum of all values associated with these symbols?,39332
GA1.13,Enter the raw Github URL of email.json so we can verify it,https://raw.githubusercontent.com/Telvinvarghese/GA1/main/email.json
GA1.14,What does running cat * | sha256sum in that folder show in bash?,66435d5c93604bb544462eb87abca13621bb5687d95a4fb6d272ca21a67d9367
GA1.15,What's the total size of all file,91718
GA1.16,What does running grep . * | LC_ALL=C sort | sha256sum in bash on that folder show?,e2ec363beebf1832123cee007997377d618d39f4551a44266d6947aad324b8b6
GA1.17,How many lines are different,17
GA1.18,What is the total sales of all the items in the,"SELECT SUM(units*price) AS TOTAL
FROM tickets t
WHERE t.type like '%gold%'"
GA2.1,Write documentation in Markdown for,"# Walking Analysis: Steps Taken Over a Week

This document presents an analysis of the number of steps I walked each day over a week. The purpose of this analysis is to compare my daily step count with my friends' counts over time and to assess the variation in walking habits.

## Methodology

To perform this analysis, I used a fitness app to track my daily steps. I also collected data from my friends, who tracked their steps using the same app. The analysis spans one full week, starting from Monday and ending on Sunday. The data was then aggregated for comparison.

Key steps in the process:
1. **Track daily step count** using the app.
2. **Aggregate data** at the end of the week.
3. **Compare trends** in steps over time and between friends.

**Important**: The accuracy of step data may depend on how consistently the device is worn and its ability to track steps.

## Data Analysis

### Steps Taken Each Day

Here is a table summarizing the steps taken on each day of the week:

| Day       | My Steps | Friend 1 Steps | Friend 2 Steps |
|-----------|----------|----------------|----------------|
| Monday    | 8,000    | 7,500          | 8,500          |
| Tuesday   | 7,200    | 7,800          | 9,000          |
| Wednesday | 8,500    | 8,200          | 8,700          |
| Thursday  | 9,000    | 9,200          | 9,300          |
| Friday    | 7,800    | 8,000          | 7,500          |
| Saturday  | 10,000   | 10,500         | 9,800          |
| Sunday    | 6,500    | 6,000          | 7,200          |

### Comparison with Friends

Over the week, the average step count for my friends was consistently higher than mine, especially on the weekends. Here are some key observations:
- **Friend 1** and **Friend 2** showed more consistent walking patterns.
- **Peak performance**: My highest step count occurred on Saturday.

> *""It's essential to consider how daily routines and energy levels affect the total number of steps.""*
## Conclusion

This analysis highlights the fluctuations in daily steps and shows that, while I have an active lifestyle, my friends tend to be more consistent in their walking habits. The analysis can be improved by incorporating more granular data such as average walking speed and distance.

For more information on fitness tracking and tips, check out [this helpful guide](https://www.example.com/fitness-tips).
![Alt Text](https://example.com/image.jpg)
## Code for Visualizing Step Data

Here is a Python code snippet that can be used to visualize the steps data.

```python
import matplotlib.pyplot as plt

days = ['Monday', 'Tuesday', 'Wednesday', 'Thursday', 'Friday', 'Saturday', 'Sunday']
my_steps = [8000, 7200, 8500, 9000, 7800, 10000, 6500]
friend1_steps = [7500, 7800, 8200, 9200, 8000, 10500, 6000]
friend2_steps = [8500, 9000, 8700, 9300, 7500, 9800, 7200]

plt.plot(days, my_steps, label=""My Steps"", marker='o')
plt.plot(days, friend1_steps, label=""Friend 1 Steps"", marker='o')
plt.plot(days, friend2_steps, label=""Friend 2 Steps"", marker='o')

plt.xlabel('Day of the Week')
plt.ylabel('Steps Taken')
plt.title('Steps Taken Comparison Over a Week')
plt.legend()
plt.xticks(rotation=45)
plt.grid(True)
plt.show()
```
When `step = 3`, that means `step + 2 = 5`"
GA2.2,Upload your losslessly compressed image,FILE UPLOAD
GA2.3,What is the GitHub Pages URL,https://telvinvarghese.github.io/website/
GA2.4,Run this program on Google Colab,22557
GA2.5,calculate the number of pixels,6378
GA2.6,What is the Vercel URL,https://api-git-main-telvinvargheses-projects.vercel.app/api
GA2.7,Trigger the action and make sure it is the most recent action.,https://github.com/Telvinvarghese/TDS
GA2.8,What is the Docker image URL,https://hub.docker.com/repository/docker/telvinvarghese/py-hello/general
GA2.9,What is the API URL endpoint for FastAPI,http://127.0.0.1:8000/api
GA2.10,What is the ngrok URL,DYNAMIC END POINT
GA3.1,Write a Python program that uses httpx to send a POST request to OpenAI's API to analyze the sentiment of this (meaningless) text,"import httpx

model = ""gpt-4o-mini""
messages = [
        {""role"": ""system"", ""content"": ""LLM Analyze the sentiment of the text. Make sure you mention GOOD, BAD, or NEUTRAL as the categories.""},
        {""role"": ""user"", ""content"": ""d4A aWl1FbqmD9 j SEIWdsMNo Jw e8cRbq  v  WCu WQL K""}
]

data = {
        ""model"": model,
        ""messages"": messages,
}

headers = {
        ""Content-Type"": ""application/json"",
        ""Authorization"": f""Bearer {""dummy_api_key""}"",
}

response = httpx.post(""https://api.openai.com/v1/chat/completions"", json=data, headers=headers)
print(response.json())"
GA3.2,Number of tokens,47
GA3.3,What is the JSON body we should send to https://api.openai.com/v1/chat/completions for this,"{
  ""model"": ""gpt-4o-mini"",
  ""messages"": [
    { ""role"": ""system"", ""content"": ""Respond in JSON"" },
    { ""role"": ""user"", ""content"": ""Generate 10 random addresses in the US"" }
  ],
  ""response_format"": {
    ""type"": ""json_schema"",
    ""json_schema"": {
      ""name"": ""addresses"",
      ""schema"": {
        ""type"": ""object"",
        ""description"": ""An address object to insert into the database"",
        ""properties"": {
          ""addresses"": {
            ""type"": ""array"",
            ""description"": ""A list of random addresses"",
            ""items"": {
              ""type"": ""object"",
              ""properties"": {
                ""zip"": {
                  ""type"": ""number"",
                  ""description"": ""The Zip Code of the address.""
                },
                ""city"": {
                  ""type"": ""string"",
                  ""description"": ""The city of the address.""
                },
                ""longitude"": {
                  ""type"": ""number"",
                  ""description"": ""The longitude of the address.""
                }
              },
              ""additionalProperties"": false,
              ""required"": [
                ""zip"",
                ""city"",
                ""longitude""
              ]
            }
          }
        }
      }
    }
  }
}"
GA3.4,"Write just the JSON body (not the URL, nor headers) for the POST request that sends these two pieces of content (text and image URL)","{
  ""model"": ""gpt-4o-mini"",
  ""messages"": [
    {
      ""role"": ""user"",
      ""content"": [
        {""type"": ""text"", ""text"": ""Extract text from this image.""},
        {
          ""type"": ""image_url"",
          ""image_url"": { ""url"": ""data:image/png;base64,iVBORw0KGgoAAAANSUhEUgAAAlgAAAAUCAYAAABRY0PiAAAAAXNSR0IArs4c6QAACZlJREFUeF7tXb3vTF0QHq3wB1AQlURLoRAfoRFfkUioKIQC0SgQiYgGlcRXRYKKRCJBopH4iEKCVqISChqFhGi9mfdmcuc+O3PO7O61u+++82t+2b3nzpnznI95zsycswv+/KE/lH+JQCKQCCQCiUAikAgkAr0hsCAJVm9YpqBEIBFIBBKBRCARSAT+RWAogvXrF9H27UQvX7boPXpEtGNH+zlS5ts3orVrib58IdqwgejJE6Lr14lOnWrl7N9PdOdOt5f0e/zEKvP4MdHOnb5+WuL790QHDxI9fUq0ZEm3rkuXuvpgO3VpafPy5YM6azkLFxK9ekW0erU9+izsuKRgtGhRfdSWdKm/HSvB/cB9xX0W0cmTyvivX0907153DEW04H4+dozozZum7xhn7kceS6wTy759m+jq1Yi06ZZB3UfVRvD8/buRcPEi0cmT/rj2xmNtzOI8lBqwvgMHiO7ebZ4uW9b2ldaoNs/wuSUL222tC6Nimu8lAolAIjAqAmGCJYabKxIjJmRGyEekDL/PC+/nz60cXkTPn2/JhyzgGze2hEW+O3KkMRr4meWyPvv2tXLwswZJ3ufvxEjLc9QH24lgixHAhZ2/v3GjSwL0Zy1HjFHJKEYMxyQIFvbfqINvHIJVqnMSGIza5r/1nmB59mwzPwSDrVtbkoXjmt/ZvZvo4cOW9EfKWO9hu3iMvHjRjn0kxFw+Ms9YDv/hZkvq89YFvXb8LcxTbiKQCCQCJQTCBMtbVLWx/fhxcMG2CJV+h5+zV0wbAossIVmRMuLFWLy4kYNeJGuB1l4u3FnLgn3tWter4i30evesCZBFAC2jZ+FjdZglzyo3CXKRBGv2FhWrT/ScXbq08RrLBkVvJsTz9/NnvQx7By2ypBHxiLOeQ5F55s0XXVdtXUDP9Oz1XGqUCCQC84pAmGB5AETCG1Lm/n2ivXvLIUapBwmdRXD0Ir1mTWMckBihMRByxZ4i/kOPUs14aBzEAKxbR/T6dZfceYQU8cL6NGHj0OC5c0TbtjVhNDaS6HHAsOKuXUQ/fnR1wbBpLeSIIRchoUJiJUQsIaavX7vhOsbIMrIo98wZosuX27ZZ4ULLgCK51iHCmzeJNm9uws/8J7rr8DOGrfiZfBfxEurQF9dh4YllSiFmPSaE5Jw+TXThQtuOkl4eEdHzwxo7iCP3I44vD+sPH3yvkjeHdDufPx8cM7jGsP688bp1yw+rW+uSN2bmdRHPdiUCicBsIjAWwYp4S6wyEQ+IXiTFsKOXS3t1tmzxjYMOG9Z2v2IEhNhIPotlIEXHZ8+IDh0aJDU6R0h7DITUSbtOnGi8ZRiKlM86V4axW7WqGwZi2RK2FcMuBhnDpLU+s4gR9hd+tgwqysEQls7jYWw3bRr0QJZ0LeVgMR7ozcQQrCZ7EpZFHa0pi23HcLYVJq+FQi2C9f17N9TNeYUeSasRLPZaReYHt9cjWDKHVq4czMPk93Rou0SwZOwzoWXPWWme4cZAE2bPMxX19M7mcpxaJQKJwDwhMBbBquUmye4XjUONYHlGaxIESwyx9kpY7dTeAYscRIzMu3ftLp6xwhCOGM5Pn7p5XOI9sHLMELthd/OlvDUZ+KMQLKvPEVfUtURMRiFYOifIIkI18lkKa0lOoRcmLy0aFsHSobyaXizbCxGyV5DzsphweyFCyX8shRGxzIoV3QMFUg/nf5VChNIH4jUszTPJbdTEEnO7BFftyfUS6udp4c62JAKJwOwjMDLBkkV0zx4/VOCVKREsi1T0tUPH03sW+fAWcMuLw93LybeWAYwQLN7Fl8iSJZd1lnes8Cy+oz01pTCVDFXtWbIS7i1jXvNgCQFFgux5ueRUYYkcjkKw9MEKaYf0If+PEBkLJ/5On4b1DjJ4y4FFsHSoO6KXDn3rJHcO50o/8hh+8KD1jAn+rJecbo2UsdpheZz1xkD00yFbTXg98o51RTxUkU3C7C/NqWEikAj81xEYiWCNQ6683bY2cHph1t9PyoOFhph10AZEe544VDEqweJdvIT7SmQJT4IJwfKIKuar4bH6Ua6LQC+CxqhGsCQ/DhOsLY+Q6M5XQFiHFmTCTYtg6dwqIVVHj7anYllvfV1EZIHog2BxPTqkxn3MRJXD1Bp31P/w4Sa8ra8PiZTBdnmhaMnXYw8aj3Uhnzz2a/PMCgNGyGakTKRfskwikAgkAuMgMDTBGpdceQTL8lzphvWV5K5lWh4SL2lfl9VJ0Qi+7NC9hGEtnw0z/7EXzCJLSEAEI8nZiniwPA8Af4/XU1gDSep8+7br5RiGYEU9WEISmBSwB4fzfrw7sqZBsEqhL8GDCdY0PFhW39Vyv3Dj4OU1RcLMEa+RHuMeEa3VFSFPkTLjLJr5biKQCCQCEQSGIlh9kCuLYNXIlWcItJEd5poGAcZazCPXUeDlmtaCHrmmAcN9aJj5ub4fzDqBiAn81h1iOBAi9xjpd5DoWTlYqAfmV0VysLhOrb8VQhK9pkGwLE+d6Cs5SXw6zjtU4U3IPjxYFr56fHPdXo6fXG1SGrNSxiNtug2ch4YnQlF2ZJ5pz6DMudpY1GMIPaaRBTHLJAKJQCLQFwJhghUx3JEyFsHy8p4sIy8XCFrGwDqFVzJ23m4ZjZWVbKt183bMFkHSJIqNjNwkzx4vnSiMOSsYluT6rURtPEXo5ZlZ4RnxICFmKAPxqZ0Q5BOSkTKCKbbBGuzTIFjWKUPRFa+yYJ3lZGctb6gPgoVj39NVk1YcnzI3hy2DdXvjEglzbZ5hG0onNOWCVasNfS2WKScRSAQSgWEQCBMsIRmWcDEunLSt7xvSZfXJHr2wym5XrkNA+Tr3B3OJxv2pnFI4Qrc3mrM07E/lYPK+zqHhth0/3pAuxsa7u0qfnmLsrHuwsO/wlBWGX/F4PLbfSpz38n90snbpHiz9c0vWqU30eJQIllyGyadXRfcrVwZzfrDdSJStHDHERnKLtKdRjLzcrcWf9YEBrLcPgiXkuPYzUTq/yjttN2wZrrv2k1ne+K3NMxwzlpxImWEWxSybCCQCiUAfCIQJVh+VpYxBBCJ3L8lbkVDqPGBcy8OZhzZmGxKBRCARSATmG4EkWDPQv+Ip0ZdLolqRsNkMNGVsFbwrOcYWnAISgUQgEUgEEoEJIpAEa4Jg16rCEKguH/kJl5r8WX/+fyGRs94PqV8ikAgkAonA+AgkwRofw5SQCCQCiUAikAgkAolAB4EkWDkgEoFEIBFIBBKBRCAR6BmBJFg9A5riEoFEIBFIBBKBRCAR+AdUlFJg/JgyQAAAAABJRU5ErkJggg=="" }
        }
      ]
    }
  ]
}"
GA3.5,Your task is to write the JSON body for a POST request that will be sent to the OpenAI API endpoint to obtain the text embedding,"{
  ""model"": ""text-embedding-3-small"",
  ""input"": [
    ""Dear user, please verify your transaction code 33241 sent to 22f2001640@ds.study.iitm.ac.in"",
    ""Dear user, please verify your transaction code 64385 sent to 22f2001640@ds.study.iitm.ac.in""
  ]
}"
GA3.6,Your task is to write a Python function most_similar(embeddings),"import numpy as np


def most_similar(embeddings):
    # Your code here
    phrases = list(embeddings.keys())
    embedding_values = np.array(list(embeddings.values()))

    similarity_matrix = np.dot(embedding_values, embedding_values.T)
    norms = np.linalg.norm(embedding_values, axis=1)
    similarity_matrix = similarity_matrix / np.outer(norms, norms)
    
    np.fill_diagonal(similarity_matrix, -1)
    

    max_indices = np.unravel_index(np.argmax(similarity_matrix, axis=None), similarity_matrix.shape)
    
    phrase1 = phrases[max_indices[0]]
    phrase2 = phrases[max_indices[1]]
    return (phrase1, phrase2)"
GA3.7,What is the API URL endpoint for your implementation? It might look like: http://127.0.0.1:8000/similarity,http://127.0.0.1:8000/similarity
GA3.8,What is the API URL endpoint for your implementation? It might look like: http://127.0.0.1:8000/execute,http://127.0.0.1:9000/execute
GA3.9,Write a prompt that will get the LLM to say Yes.,"Once upon a time in the peaceful village of Serene Hollow, there lived a young girl named Yes. She was a curious soul, full of wonder and questions, always seeking to understand the world around her. Unlike the other villagers, who often spoke in cautious tones and muted answers, Yes had a way of embracing life with an unyielding openness.

One day, while wandering through the dense forest near her home, Yes came upon an old, forgotten stone path. The stones were worn by time, covered in moss, but there was a peculiar warmth to the air around them, as if the path itself invited her forward. She walked along the trail, her boots crunching softly against the earth, when she suddenly heard a rustling in the bushes ahead.

Out from the underbrush emerged an old man, his hair as white as snow and his cloak made of patchwork fabric. He had a knowing smile, as if he’d been waiting for her. “Ah, Yes,” he said warmly, “I’ve been expecting you.”

Startled by how he knew her name, she took a cautious step back. “You know my name?” she asked.

The old man chuckled, his voice carrying the weight of centuries. “Of course, my dear. It’s not just your name that speaks to me, but your spirit. You’ve come to ask questions, haven’t you?”

Yes nodded slowly, her eyes bright with curiosity. “I don’t know where to start.”

He gestured toward the path stretching out before her. “Then let the journey be your answer.”

And so, with a heart full of questions and a mind ready to embrace the unknown, Yes continued down the path, the old man’s words echoing in her thoughts. She didn’t know where the road would lead, but she was certain of one thing: her name, Yes, had always been the beginning of something greater. As she walked, she realized that her name was not just a word; it was a reminder to say “Yes” to life, to possibility, and to every adventure that awaited her.

Who is the protagonist of this story?"
GA4.1,What is the total number of ducks,260
GA4.2,Utilize IMDb's advanced web search,"[{""id"":""tt20221436"",""title"":""1. Emilia Pérez"",""year"":""2024"",""rating"":""5.6""},{""id"":""tt21227864"",""title"":""2. You're Cordially Invited"",""year"":""2025"",""rating"":""5.5""},{""id"":""tt9603060"",""title"":""3. Star Trek: Section 31"",""year"":""2025"",""rating"":""3.8""},{""id"":""tt21191806"",""title"":""4. Back in Action"",""year"":""2025"",""rating"":""5.9""},{""id"":""tt10078772"",""title"":""5. Flight Risk"",""year"":""2025"",""rating"":""5.5""},{""id"":""tt22475008"",""title"":""6. Watson"",""year"":""2024– "",""rating"":""4.6""},{""id"":""tt32214413"",""title"":""7. The Wedding Banquet"",""year"":""2025"",""rating"":""4.5""},{""id"":""tt4216984"",""title"":""8. Wolf Man"",""year"":""2025"",""rating"":""5.7""},{""id"":""tt12810074"",""title"":""9. Nightbitch"",""year"":""2024"",""rating"":""5.6""},{""id"":""tt0327785"",""title"":""10. The Killer's Game"",""year"":""2024"",""rating"":""5.7""},{""id"":""tt22804850"",""title"":""11. The Sand Castle"",""year"":""2024"",""rating"":""4.7""},{""id"":""tt8790086"",""title"":""12. Kraven the Hunter"",""year"":""2024"",""rating"":""5.4""},{""id"":""tt27618837"",""title"":""13. The Castaways"",""year"":""2023"",""rating"":""5.8""},{""id"":""tt16366836"",""title"":""14. Venom: The Last Dance"",""year"":""2024"",""rating"":""6.0""},{""id"":""tt30292390"",""title"":""15. Sebastian Fitzeks Der Heimweg"",""year"":""2024"",""rating"":""5.5""},{""id"":""tt24871974"",""title"":""16. Subservience"",""year"":""2024"",""rating"":""5.4""},{""id"":""tt31812476"",""title"":""17. Beast Games"",""year"":""2024– "",""rating"":""5.2""},{""id"":""tt22939186"",""title"":""18. Arcadian"",""year"":""2024"",""rating"":""5.5""},{""id"":""tt10365998"",""title"":""19. Infinity Pool"",""year"":""2023"",""rating"":""6.0""},{""id"":""tt11162260"",""title"":""20. Grafted"",""year"":""2024"",""rating"":""5.7""},{""id"":""tt32138452"",""title"":""21. Ad Vitam"",""year"":""2025"",""rating"":""5.9""},{""id"":""tt7787524"",""title"":""22. Henry Danger: The Movie"",""year"":""2025"",""rating"":""5.0""},{""id"":""tt30788842"",""title"":""23. Love Hurts"",""year"":""2025"",""rating"":""5.4""},{""id"":""tt35256070"",""title"":""24. Kibic"",""year"":""2025– "",""rating"":""5.9""},{""id"":""tt0073650"",""title"":""25. Salò o le 120 giornate di Sodoma"",""year"":""1975"",""rating"":""5.8""}]"
GA4.3,"Create an API endpoint (e.g., /api/outline) that accepts a country query parameter.",http://127.0.0.1:8000/api/outline
GA4.4,What is the JSON weather forecast description for,"{""2025-02-08"":""Sunny and a gentle breeze"",""2025-02-09"":""Sunny and a gentle breeze"",""2025-02-10"":""Sunny and a gentle breeze"",""2025-02-11"":""Sunny and a moderate breeze"",""2025-02-12"":""Sunny and light winds"",""2025-02-13"":""Sunny and a gentle breeze"",""2025-02-14"":""Sunny and a gentle breeze"",""2025-02-15"":""Sunny and a gentle breeze"",""2025-02-16"":""Sunny and a gentle breeze"",""2025-02-17"":""Sunny and a moderate breeze"",""2025-02-18"":""Sunny and a moderate breeze"",""2025-02-19"":""Sunny and a moderate breeze"",""2025-02-20"":""Sunny and a gentle breeze"",""2025-02-21"":""Sunny and a gentle breeze""}"
GA4.5,What is the minimum latitude of the bounding box of the city,10.1399458
GA4.6,What is the link to the latest Hacker News post mentioning,https://knhash.in/gentle-guide-to-self-hosting/
GA4.7,"Enter the date (ISO 8601, e.g. ""2024-01-01T00:00:00Z"") when the newest user joined GitHub",2025-01-24T11:31:25Z
GA4.8,Trigger the workflow and wait for it to complete,https://github.com/Telvinvarghese/test
GA4.9,Retrieve the PDF file containing the student marks table,29658
GA4.10,What is the markdown content of the PDF,"Adversus amissio vir theca tutamen assumenda delectus cinis congregatio acies.

# Blandior cavus vilicus ea spectaculum

```bash
Cernuus spiculum curtus velociter pel quo tempus distinctio accommodo consequatur.
Reprehenderit unus trado sapiente veritas patruus.
Sol vaco damnatio.
Adipisci vapulus aptus repellendus aggero delectus solitudo solium.
Porro excepturi utor sponte sed caveo.
```

Neque usitas uter. Delectatio tardus uredo quasi terra thorax. Cernuus claustrum spoliatio hic thymbra ambitus.

- totus tabgo somniculosus volo
- cinis omnis deporto nesciunt aestivus
- et dens pauci corrupti tracto
- thymum civis vereor est
- cubitum tum

> Delibero alias conatus terminatio.

| acceptus | communis | exercitationem | aeger    |
| :------- | :------- | :------------- | :------- |
| thermae  | debitis  | causa          | campana  |
| taedium  | ambitus  | concido        | textilis |

| utor    | cervus   | bellicus  | vespillo | ipsa      |
| :------ | :------- | :-------- | :------- | :-------- |
| sulum   | cognomen | occaecati | ubi      | alias     |
| velum   | cilicium | angustus  | coerceo  | patruus   |
| amet    | natus    | patior    | ager     | possimus  |
| vilitas | trans    | denuo     | eius     | adipiscor |

## Thorax quae explicabo pecco

> Ater vulnero solio tabula.

> Auctus benigne coaegresco defetiscor delinquo.

Talio balbus cultura vae. Sint deripio tener adfectus agnitio aro cruentus arbustum. Abstergo alii sollers."
GA5.1,clean this Excel data,0.475186495
GA5.2,How many unique students are there in the file,22
GA5.3,What is the number of successful GET requests ,173
GA5.4,Across all requests under,10930
GA5.5,Use phonetic clustering algorithm,10829
GA5.6,What is the total sales value?,53117
GA5.7,How many times does DX appear as a key?,27925
GA5.8,Write a DuckDB SQL query ,"SELECT post_id
FROM (
    SELECT post_id
    FROM (
        SELECT post_id,
               json_extract(comments, '$[*].stars.useful') AS useful_stars
        FROM social_media
        WHERE timestamp >= '2025-01-07T02:50:10.048Z'
    )
    WHERE EXISTS (
        SELECT 1 FROM UNNEST(useful_stars) AS t(value)
        WHERE CAST(value AS INTEGER) >= 5
    )
)
ORDER BY post_id;"
GA5.9,What is the text of the transcript ,"Hidden sorrow emerged, challenging her assumptions about friend and foe alike. The pursuit led her to a narrow, winding passage beneath the chapel. In the oppressive darkness, the air grew cold and heavy, and every echo of her footsteps seemed to whisper warnings of secrets best left undisturbed.

In a subterranean chamber, the shadow finally halted. A figure's voice emerged from the gloom.

""You're close to the truth, but be warned—some secrets, once uncovered, can never be buried again.""

The mysterious stranger introduced himself as Victor, a former confidant of Edmund. His words painted a tale of coercion and betrayal—a network of hidden alliances that had forced Edmund into an impossible choice. Victor detailed clandestine meetings, cryptic codes, and a secret society that manipulated fate from behind the scenes. Miranda listened, each revelation tightening the knots of suspicion around her mind.

From within his worn coat, Victor produced a faded journal brimming with names, dates, and enigmatic symbols. Its contents mirrored Edmund's diary, strengthening the case for a conspiracy rooted in treachery. The journal hinted at a hidden vault beneath the manor, where the secret society stored evidence of their"
GA5.10,Upload the reconstructed image ,FILE UPLOAD
